A-1,T-2
A-2,T-1
A-3,T-2
A-4,T-1
A-5,T-1
A-6,T-1
A-7,T-2
A-1,T-2
A-3,T-2
A-1565,T-1
A-11,T-2
A-5,T-2
A-6,T-1
A-3,T-2
A-15,T-2
A-12,T-1
A-2,T-2
A-8,T-1
A-19,T-1
A-11,T-1
A-21,T-1
A-22,T-1
A-1,T-2
A-1558,T-1
A-25,T-1
A-7,T-2
A-2,T-2
A-21,T-1
A-1,T-3
A-5,T-2
A-6,T-1
A-25,T-1
A-33,T-1
A-33,T-1
A-35,T-1
A-35,T-1
A-37,T-2
A-38,T-1
A-37,T-2
A-38,T-1
A-93,T-1
A-42,T-1
A-43,T-1
A-44,T-1
A-44,T-2
A-46,T-1
A-47,T-1
A-48,T-1
A-46,T-1
A-25,T-1
A-37,T-2
A-37,T-2
A-52,T-1
A-44,T-1
A-61,T-1
A-42,T-1
A-41,T-2
A-42,T-1
A-47,T-1
A-41,T-2
A-55,T-1
A-52,T-1
A-50,T-1
A-37,T-2
A-82,T-1
A-66,T-2
A-66,T-2
A-66,T-2
A-69,T-2
A-996,T-1
A-71,T-2
A-71,T-2
A-65,T-2
A-71,T-2
A-66,T-2
A-71,T-2
A-69,T-2
A-76,T-2
A-71,T-2
A-72,T-1
A-71,T-1
A-41,T-2
A-71,T-2
A-71,T-2
A-85,T-2
A-69,T-2
A-72,T-2
A-69,T-2
A-77,T-2
A-90,T-1
A-91,T-1
A-77,T-1
A-41,T-2
A-41,T-2
A-71,T-1
A-66,T-2
A-76,T-2
A-97,T-2
A-99,T-2
A-100,T-1
A-99,T-2
A-99,T-2
A-97,T-2
A-104,T-1
A-104,T-1
A-98,T-2
A-97,T-2
A-108,T-1
A-891,T-2
A-99,T-2
A-101,T-2
A-101,T-2
A-98,T-2
A-114,T-1
A-115,T-1
A-116,T-1
A-115,T-2
A-117,T-1
A-117,T-1
A-116,T-1
A-304,T-1
A-122,T-1
A-123,T-1
A-122,T-1
A-125,T-1
A-122,T-2
A-65,T-2
A-106,T-1
A-129,T-1
A-130,T-1
A-130,T-1
A-132,T-1
A-133,T-1
A-129,T-1
A-131,T-1
A-136,T-1
A-137,T-1
A-136,T-1
A-125,T-2
A-140,T-1
A-140,T-1
A-142,T-1
A-106,T-1
A-144,T-1
A-145,T-1
A-140,T-1
A-137,T-1
A-133,T-1
A-142,T-1
A-139,T-1
A-4,T-1
A-132,T-1
A-135,T-1
A-154,T-1
A-155,T-1
A-155,T-1
A-157,T-1
A-146,T-1
A-144,T-1
A-146,T-2
A-155,T-2
A-162,T-2
A-157,T-2
A-162,T-2
A-171,T-1
A-165,T-2
A-167,T-1
A-168,T-1
A-162,T-2
A-170,T-1
A-165,T-2
A-172,T-1
A-171,T-2
A-167,T-2
A-165,T-2
A-162,T-2
A-162,T-1
A-165,T-2
A-175,T-1
A-180,T-1
A-181,T-1
A-166,T-2
A-167,T-2
A-165,T-2
A-185,T-1
A-170,T-2
A-187,T-1
A-180,T-1
A-185,T-2
A-190,T-1
A-191,T-1
A-181,T-2
A-185,T-2
A-191,T-1
A-195,T-2
A-196,T-1
A-1560,T-1
A-198,T-2
A-187,T-2
A-200,T-1
A-196,T-2
A-196,T-2
A-205,T-1
A-204,T-1
A-195,T-2
A-195,T-1
A-203,T-2
A-198,T-1
A-209,T-1
A-196,T-2
A-204,T-2
A-209,T-1
A-213,T-1
A-212,T-1
A-215,T-1
A-196,T-2
A-217,T-1
A-217,T-2
A-219,T-2
A-197,T-1
A-221,T-1
A-222,T-1
A-223,T-2
A-224,T-1
A-215,T-2
A-226,T-2
A-227,T-1
A-226,T-2
A-229,T-1
A-230,T-1
A-231,T-1
A-228,T-2
A-233,T-1
A-234,T-1
A-235,T-1
A-235,T-1
A-237,T-1
A-238,T-2
A-211,T-1
A-238,T-2
A-241,T-1
A-242,T-1
A-240,T-3
A-244,T-1
A-240,T-2
A-244,T-1
A-242,T-2
A-247,T-2
A-249,T-2
A-250,T-2
A-237,T-2
A-250,T-2
A-253,T-1
A-221,T-2
A-255,T-1
A-253,T-2
A-224,T-2
A-258,T-2
A-258,T-2
A-886,T-1
A-258,T-2
A-251,T-2
A-100,T-2
A-264,T-2
A-262,T-1
A-263,T-2
A-267,T-1
A-268,T-2
A-269,T-2
A-270,T-1
A-271,T-2
A-271,T-2
A-271,T-2
A-269,T-2
A-275,T-2
A-276,T-2
A-275,T-2
A-276,T-2
A-279,T-1
A-270,T-1
A-281,T-1
A-282,T-1
A-283,T-1
A-284,T-1
A-276,T-2
A-226,T-2
A-281,T-2
A-288,T-1
A-289,T-1
A-281,T-2
A-272,T-2
A-292,T-1
A-104,T-2
A-294,T-1
A-288,T-1
A-292,T-1
A-297,T-1
A-298,T-1
A-299,T-1
A-300,T-1
A-301,T-1
A-674,T-2
A-303,T-2
A-115,T-1
A-301,T-1
A-306,T-2
A-306,T-2
A-300,T-1
A-309,T-1
A-5,T-2
A-311,T-2
A-316,T-1
A-313,T-1
A-313,T-1
A-315,T-1
A-312,T-1
A-313,T-2
A-313,T-2
A-2,T-1
A-315,T-2
A-315,T-2
A-320,T-2
A-320,T-2
A-324,T-1
A-325,T-1
A-230,T-2
A-228,T-1
A-328,T-1
A-232,T-1
A-230,T-2
A-337,T-1
A-322,T-1
A-322,T-2
A-333,T-1
A-331,T-2
A-310,T-2
A-320,T-2
A-333,T-2
A-338,T-1
A-335,T-2
A-338,T-2
A-342,T-1
A-342,T-1
A-344,T-1
A-342,T-1
A-335,T-1
A-347,T-2
A-336,T-1
A-349,T-1
A-347,T-1
A-328,T-1
A-342,T-1
A-353,T-1
A-311,T-2
A-355,T-1
A-311,T-1
A-230,T-2
A-325,T-1
A-354,T-1
A-360,T-1
A-351,T-2
A-136,T-2
A-355,T-1
A-364,T-1
A-365,T-1
A-365,T-1
A-367,T-1
A-368,T-2
A-360,T-1
A-370,T-1
A-370,T-2
A-372,T-1
A-368,T-1
A-371,T-2
A-375,T-1
A-376,T-1
A-368,T-2
A-378,T-1
A-325,T-2
A-380,T-2
A-377,T-1
A-382,T-3
A-382,T-2
A-384,T-1
A-380,T-2
A-386,T-2
A-386,T-2
A-382,T-3
A-371,T-1
A-390,T-2
A-375,T-1
A-390,T-2
A-380,T-2
A-390,T-1
A-395,T-1
A-384,T-2
A-392,T-2
A-380,T-2
A-380,T-2
A-380,T-1
A-398,T-2
A-402,T-2
A-403,T-2
A-403,T-2
A-403,T-3
A-403,T-3
A-403,T-3
A-408,T-3
A-409,T-3
A-406,T-3
A-411,T-2
A-408,T-3
A-409,T-2
A-414,T-2
A-415,T-2
A-415,T-3
A-417,T-2
A-414,T-3
A-419,T-2
A-417,T-2
A-1242,T-2
A-422,T-3
A-423,T-1
A-402,T-3
A-425,T-2
A-411,T-3
A-425,T-2
A-426,T-3
A-429,T-1
A-426,T-3
A-403,T-3
A-432,T-2
A-433,T-2
A-433,T-2
A-435,T-2
A-436,T-2
A-440,T-1
A-406,T-3
A-436,T-2
A-437,T-2
A-436,T-2
A-442,T-1
A-443,T-1
A-444,T-2
A-436,T-3
A-446,T-1
A-443,T-2
A-448,T-2
A-444,T-2
A-450,T-2
A-451,T-2
A-452,T-2
A-453,T-2
A-448,T-2
A-455,T-2
A-452,T-3
A-457,T-2
A-457,T-2
A-459,T-2
A-432,T-4
A-422,T-2
A-453,T-3
A-463,T-2
A-464,T-1
A-465,T-2
A-466,T-2
A-466,T-1
A-468,T-1
A-466,T-2
A-470,T-2
A-470,T-2
A-470,T-2
A-469,T-1
A-468,T-2
A-465,T-1
A-465,T-2
A-474,T-2
A-469,T-2
A-479,T-1
A-480,T-1
A-479,T-1
A-470,T-2
A-470,T-2
A-481,T-1
A-480,T-1
A-481,T-1
A-485,T-1
A-470,T-2
A-480,T-1
A-466,T-2
A-466,T-2
A-479,T-1
A-493,T-1
A-470,T-1
A-495,T-1
A-487,T-1
A-495,T-1
A-465,T-2
A-499,T-1
A-497,T-1
A-501,T-1
A-502,T-1
A-503,T-1
A-504,T-1
A-501,T-2
A-35,T-2
A-507,T-1
A-508,T-1
A-479,T-1
A-507,T-1
A-504,T-1
A-501,T-2
A-513,T-1
A-514,T-1
A-515,T-1
A-503,T-2
A-507,T-1
A-508,T-1
A-501,T-1
A-493,T-1
A-521,T-1
A-503,T-1
A-506,T-1
A-501,T-1
A-163,T-1
A-515,T-1
A-527,T-1
A-528,T-1
A-513,T-1
A-530,T-1
A-531,T-1
A-532,T-1
A-531,T-2
A-531,T-1
A-535,T-1
A-536,T-2
A-535,T-1
A-533,T-1
A-539,T-1
A-538,T-1
A-541,T-1
A-542,T-1
A-531,T-1
A-537,T-1
A-531,T-2
A-539,T-1
A-542,T-1
A-541,T-1
A-532,T-1
A-542,T-1
A-551,T-2
A-552,T-2
A-542,T-1
A-551,T-2
A-535,T-1
A-551,T-2
A-557,T-1
A-556,T-2
A-559,T-2
A-558,T-2
A-561,T-1
A-557,T-2
A-563,T-1
A-564,T-1
A-565,T-1
A-565,T-2
A-564,T-2
A-565,T-1
A-477,T-2
A-564,T-1
A-564,T-2
A-572,T-2
A-564,T-2
A-574,T-1
A-575,T-1
A-565,T-2
A-572,T-2
A-578,T-1
A-572,T-2
A-485,T-1
A-565,T-1
A-582,T-1
A-582,T-2
A-579,T-2
A-575,T-1
A-583,T-2
A-583,T-2
A-565,T-2
A-571,T-1
A-590,T-1
A-565,T-2
A-229,T-2
A-593,T-2
A-229,T-2
A-1078,T-1
A-229,T-2
A-530,T-1
A-596,T-1
A-599,T-2
A-600,T-1
A-593,T-2
A-602,T-1
A-603,T-1
A-229,T-2
A-605,T-1
A-603,T-2
A-605,T-2
A-592,T-1
A-609,T-2
A-583,T-2
A-599,T-2
A-609,T-2
A-137,T-2
A-593,T-2
A-603,T-2
A-4,T-2
A-137,T-2
A-618,T-1
A-616,T-2
A-507,T-2
A-619,T-2
A-622,T-1
A-620,T-2
A-507,T-2
A-625,T-1
A-626,T-3
A-627,T-1
A-622,T-2
A-629,T-2
A-630,T-2
A-625,T-2
A-632,T-2
A-630,T-2
A-137,T-2
A-632,T-2
A-636,T-1
A-632,T-2
A-635,T-2
A-635,T-2
A-638,T-2
A-595,T-3
A-641,T-1
A-643,T-2
A-638,T-2
A-629,T-2
A-640,T-2
A-640,T-2
A-643,T-2
A-649,T-1
A-650,T-1
A-651,T-1
A-651,T-2
A-630,T-2
A-643,T-2
A-636,T-2
A-656,T-2
A-657,T-1
A-652,T-2
A-659,T-1
A-656,T-2
A-661,T-2
A-660,T-2
A-630,T-2
A-657,T-2
A-650,T-2
A-661,T-1
A-262,T-2
A-667,T-1
A-629,T-1
A-670,T-1
A-671,T-1
A-632,T-2
A-262,T-2
A-674,T-2
A-674,T-2
A-283,T-2
A-675,T-2
A-302,T-2
A-679,T-2
A-680,T-1
A-679,T-2
A-302,T-2
A-683,T-1
A-658,T-2
A-283,T-2
A-670,T-2
A-687,T-1
A-691,T-1
A-689,T-1
A-690,T-2
A-681,T-2
A-689,T-1
A-690,T-1
A-680,T-2
A-695,T-1
A-690,T-2
A-689,T-2
A-687,T-2
A-699,T-1
A-695,T-2
A-701,T-1
A-702,T-1
A-674,T-3
A-702,T-1
A-706,T-1
A-705,T-1
A-705,T-2
A-702,T-2
A-599,T-2
A-694,T-2
A-680,T-2
A-710,T-1
A-713,T-2
A-710,T-2
A-715,T-1
A-599,T-3
A-717,T-1
A-713,T-2
A-713,T-2
A-669,T-2
A-721,T-2
A-719,T-2
A-717,T-1
A-721,T-2
A-718,T-2
A-720,T-1
A-724,T-2
A-680,T-2
A-629,T-2
A-727,T-2
A-630,T-2
A-302,T-2
A-715,T-1
A-734,T-2
A-735,T-2
A-443,T-2
A-737,T-2
A-734,T-1
A-735,T-1
A-740,T-2
A-737,T-2
A-742,T-2
A-743,T-2
A-742,T-2
A-745,T-1
A-743,T-2
A-745,T-3
A-748,T-3
A-748,T-3
A-748,T-2
A-736,T-2
A-713,T-2
A-753,T-2
A-753,T-3
A-747,T-3
A-745,T-3
A-757,T-2
A-757,T-1
A-757,T-1
A-735,T-3
A-761,T-1
A-761,T-2
A-761,T-1
A-753,T-2
A-475,T-2
A-766,T-1
A-767,T-2
A-768,T-1
A-768,T-2
A-753,T-3
A-771,T-1
A-735,T-2
A-771,T-1
A-771,T-1
A-775,T-2
A-771,T-1
A-771,T-1
A-775,T-3
A-779,T-2
A-780,T-3
A-761,T-1
A-771,T-1
A-768,T-2
A-780,T-2
A-785,T-2
A-537,T-2
A-541,T-2
A-788,T-2
A-788,T-2
A-788,T-2
A-788,T-2
A-787,T-2
A-780,T-2
A-794,T-1
A-789,T-2
A-495,T-1
A-775,T-2
A-798,T-2
A-799,T-2
A-788,T-2
A-801,T-2
A-798,T-2
A-799,T-1
A-798,T-2
A-798,T-2
A-395,T-2
A-807,T-1
A-807,T-1
A-801,T-2
A-809,T-1
A-811,T-1
A-747,T-3
A-799,T-2
A-810,T-2
A-814,T-2
A-814,T-2
A-815,T-2
A-815,T-2
A-819,T-2
A-815,T-2
A-817,T-2
A-2,T-2
A-823,T-1
A-798,T-2
A-825,T-2
A-825,T-2
A-811,T-1
A-825,T-2
A-829,T-2
A-828,T-2
A-829,T-2
A-828,T-2
A-829,T-2
A-825,T-2
A-768,T-2
A-829,T-2
A-829,T-2
A-833,T-2
A-838,T-2
A-825,T-2
A-837,T-2
A-767,T-2
A-767,T-2
A-767,T-2
A-829,T-2
A-833,T-2
A-561,T-2
A-767,T-2
A-849,T-2
A-735,T-2
A-575,T-2
A-852,T-1
A-853,T-1
A-853,T-1
A-855,T-1
A-767,T-2
A-857,T-2
A-855,T-2
A-859,T-1
A-860,T-2
A-851,T-1
A-862,T-2
A-860,T-1
A-860,T-2
A-873,T-1
A-866,T-1
A-860,T-2
A-864,T-2
A-590,T-1
A-867,T-2
A-867,T-2
A-872,T-1
A-865,T-1
A-874,T-2
A-870,T-2
A-875,T-2
A-877,T-1
A-878,T-2
A-879,T-2
A-874,T-1
A-879,T-1
A-881,T-2
A-882,T-2
A-883,T-2
A-884,T-2
A-886,T-1
A-874,T-2
A-888,T-1
A-883,T-2
A-890,T-1
A-891,T-1
A-892,T-1
A-893,T-1
A-893,T-1
A-887,T-2
A-896,T-1
A-892,T-1
A-896,T-1
A-899,T-1
A-899,T-1
A-901,T-1
A-901,T-1
A-903,T-1
A-904,T-1
A-904,T-1
A-364,T-1
A-907,T-2
A-908,T-2
A-909,T-1
A-908,T-1
A-911,T-1
A-908,T-2
A-909,T-2
A-911,T-2
A-915,T-1
A-915,T-1
A-917,T-2
A-918,T-1
A-919,T-1
A-920,T-1
A-918,T-2
A-922,T-1
A-919,T-2
A-218,T-2
A-925,T-1
A-926,T-1
A-925,T-2
A-928,T-1
A-917,T-1
A-917,T-2
A-44,T-2
A-932,T-1
A-52,T-2
A-807,T-2
A-44,T-2
A-936,T-1
A-52,T-2
A-935,T-1
A-172,T-2
A-940,T-2
A-940,T-3
A-940,T-2
A-940,T-2
A-941,T-2
A-946,T-1
A-941,T-2
A-172,T-1
A-301,T-2
A-300,T-2
A-949,T-2
A-949,T-2
A-950,T-2
A-953,T-1
A-954,T-2
A-952,T-2
A-952,T-2
A-952,T-2
A-955,T-2
A-955,T-2
A-960,T-1
A-961,T-2
A-961,T-2
A-948,T-2
A-964,T-2
A-964,T-2
A-966,T-1
A-964,T-2
A-965,T-2
A-965,T-2
A-367,T-1
A-968,T-2
A-968,T-2
A-971,T-2
A-971,T-2
A-973,T-2
A-973,T-2
A-975,T-2
A-975,T-2
A-977,T-2
A-977,T-2
A-979,T-2
A-982,T-1
A-966,T-2
A-984,T-1
A-985,T-1
A-986,T-1
A-85,T-2
A-964,T-2
A-964,T-2
A-91,T-2
A-85,T-1
A-992,T-1
A-981,T-2
A-91,T-2
A-964,T-2
A-996,T-1
A-996,T-2
A-996,T-2
A-997,T-1
A-1000,T-1
A-997,T-2
A-1000,T-2
A-1000,T-2
A-1000,T-2
A-1005,T-1
A-1006,T-2
A-1002,T-2
A-1002,T-2
A-1009,T-2
A-1009,T-2
A-1006,T-2
A-1009,T-1
A-1006,T-2
A-987,T-2
A-1015,T-1
A-1015,T-1
A-1015,T-2
A-1018,T-1
A-1015,T-2
A-1009,T-2
A-1021,T-1
A-1016,T-1
A-1009,T-2
A-1023,T-2
A-1005,T-2
A-987,T-2
A-1027,T-1
A-1023,T-2
A-1024,T-2
A-1024,T-2
A-1028,T-2
A-1032,T-1
A-1030,T-2
A-1034,T-1
A-1032,T-2
A-1036,T-1
A-1034,T-2
A-1038,T-1
A-758,T-2
A-1040,T-1
A-757,T-2
A-766,T-1
A-1042,T-1
A-758,T-1
A-1042,T-2
A-758,T-2
A-1042,T-2
A-1050,T-1
A-1045,T-2
A-1045,T-2
A-1051,T-1
A-1047,T-2
A-1054,T-1
A-1053,T-1
A-1027,T-2
A-248,T-2
A-1018,T-2
A-1058,T-2
A-1059,T-1
A-1060,T-1
A-307,T-2
A-1060,T-2
A-1059,T-1
A-1062,T-2
A-249,T-2
A-1064,T-2
A-911,T-2
A-1066,T-2
A-914,T-2
A-1068,T-2
A-1070,T-2
A-1071,T-1
A-1073,T-2
A-1074,T-1
A-1073,T-2
A-1076,T-1
A-1077,T-2
A-1078,T-1
A-1065,T-2
A-1058,T-2
A-1077,T-2
A-1082,T-1
A-307,T-2
A-1084,T-2
A-1085,T-1
A-1084,T-1
A-1084,T-2
A-1087,T-1
A-1089,T-1
A-1084,T-2
A-1082,T-2
A-1084,T-2
A-1093,T-1
A-1094,T-1
A-1095,T-1
A-503,T-2
A-46,T-2
A-612,T-1
A-607,T-1
A-1099,T-1
A-1095,T-2
A-1102,T-1
A-1102,T-2
A-1104,T-1
A-1105,T-1
A-1106,T-1
A-660,T-1
A-1108,T-1
A-15,T-1
A-20,T-2
A-1110,T-1
A-1112,T-1
A-211,T-2
A-1114,T-1
A-1115,T-1
A-211,T-1
A-1117,T-1
A-1118,T-1
A-1119,T-1
A-1119,T-2
A-1119,T-2
A-1120,T-2
A-656,T-2
A-1120,T-2
A-1122,T-2
A-1124,T-2
A-1127,T-5
A-925,T-2
A-1102,T-2
A-1130,T-2
A-279,T-2
A-1132,T-1
A-1133,T-1
A-1134,T-1
A-1134,T-2
A-1188,T-2
A-1190,T-2
A-1135,T-2
A-1135,T-2
A-1140,T-2
A-1141,T-1
A-1142,T-2
A-1143,T-2
A-1143,T-2
A-1143,T-2
A-1144,T-2
A-1144,T-2
A-1148,T-1
A-1146,T-2
A-1148,T-2
A-1151,T-1
A-1152,T-1
A-1151,T-1
A-1151,T-2
A-1153,T-2
A-1155,T-1
A-1153,T-2
A-1155,T-2
A-1155,T-2
A-1158,T-2
A-1158,T-2
A-1158,T-2
A-1163,T-1
A-1162,T-2
A-1165,T-1
A-1165,T-2
A-1166,T-2
A-1168,T-1
A-1167,T-2
A-1167,T-1
A-1169,T-2
A-1171,T-2
A-1173,T-1
A-1169,T-2
A-1129,T-1
A-925,T-1
A-1177,T-2
A-1178,T-1
A-1176,T-1
A-1179,T-1
A-1177,T-2
A-1142,T-2
A-1143,T-2
A-1143,T-2
A-1185,T-2
A-1185,T-3
A-1186,T-2
A-1134,T-2
A-1134,T-2
A-1190,T-2
A-559,T-4
A-1190,T-2
A-1193,T-3
A-1133,T-2
A-1195,T-2
A-1193,T-3
A-1196,T-2
A-1195,T-3
A-1199,T-2
A-1199,T-3
A-1201,T-2
A-586,T-3
A-1203,T-1
A-1204,T-3
A-1200,T-3
A-1199,T-3
A-1204,T-2
A-1201,T-2
A-1209,T-1
A-1208,T-2
A-1209,T-2
A-1185,T-2
A-1213,T-1
A-1211,T-2
A-1209,T-2
A-1217,T-1
A-1213,T-2
A-1213,T-2
A-1219,T-1
A-1219,T-1
A-1218,T-1
A-1222,T-1
A-1223,T-1
A-1223,T-1
A-1225,T-1
A-1225,T-1
A-1227,T-1
A-1227,T-1
A-1229,T-1
A-907,T-1
A-1231,T-1
A-1209,T-2
A-1209,T-2
A-262,T-2
A-1209,T-2
A-1236,T-1
A-1237,T-1
A-1236,T-2
A-1236,T-2
A-1236,T-2
A-935,T-2
A-1242,T-2
A-1238,T-2
A-1237,T-2
A-1245,T-3
A-1246,T-2
A-1247,T-2
A-1248,T-3
A-1247,T-2
A-1242,T-2
A-1246,T-2
A-1252,T-2
A-1252,T-2
A-1245,T-2
A-1255,T-2
A-1254,T-2
A-1248,T-2
A-1258,T-1
A-1259,T-1
A-1259,T-1
A-1261,T-1
A-1262,T-1
A-1259,T-1
A-1262,T-1
A-1261,T-1
A-1266,T-1
A-1264,T-1
A-1268,T-1
A-1267,T-1
A-1269,T-1
A-1258,T-1
A-1258,T-1
A-1273,T-1
A-1273,T-1
A-1275,T-1
A-1258,T-1
A-1258,T-1
A-506,T-2
A-1279,T-1
A-1280,T-1
A-1280,T-1
A-1281,T-1
A-499,T-1
A-1283,T-1
A-1285,T-1
A-1286,T-1
A-1279,T-1
A-1288,T-1
A-1288,T-1
A-1290,T-1
A-1290,T-1
A-1292,T-1
A-1292,T-1
A-1294,T-1
A-1295,T-1
A-1294,T-1
A-1295,T-1
A-1298,T-1
A-1299,T-1
A-1299,T-1
A-1301,T-1
A-1288,T-1
A-1298,T-1
A-1302,T-1
A-1273,T-1
A-1289,T-1
A-1306,T-1
A-1308,T-1
A-1309,T-1
A-1310,T-1
A-1311,T-1
A-1308,T-1
A-1313,T-1
A-1314,T-1
A-1315,T-1
A-1316,T-1
A-1307,T-1
A-1315,T-2
A-1315,T-2
A-1319,T-2
A-347,T-2
A-1322,T-1
A-1323,T-1
A-1324,T-1
A-1324,T-1
A-1326,T-1
A-1327,T-1
A-1325,T-1
A-1329,T-1
A-1329,T-1
A-280,T-1
A-1330,T-1
A-1333,T-1
A-38,T-2
A-1335,T-2
A-1334,T-1
A-1337,T-1
A-1236,T-2
A-1339,T-1
A-1236,T-2
A-1335,T-2
A-1342,T-1
A-1339,T-2
A-1339,T-2
A-1345,T-1
A-1339,T-2
A-1279,T-3
A-1348,T-2
A-1347,T-2
A-1347,T-2
A-1333,T-1
A-1349,T-2
A-1353,T-2
A-1349,T-2
A-1345,T-2
A-1353,T-2
A-1344,T-2
A-1358,T-1
A-1359,T-1
A-1360,T-1
A-1359,T-1
A-1362,T-1
A-1362,T-1
A-1364,T-1
A-1364,T-1
A-1365,T-1
A-1367,T-1
A-1368,T-1
A-1368,T-1
A-1370,T-1
A-1367,T-1
A-1372,T-1
A-1372,T-1
A-361,T-1
A-1375,T-2
A-1376,T-2
A-1377,T-2
A-1378,T-2
A-1378,T-3
A-1380,T-2
A-1380,T-2
A-1382,T-2
A-1382,T-2
A-1384,T-2
A-1384,T-2
A-1386,T-2
A-1387,T-2
A-1385,T-2
A-1386,T-2
A-1390,T-2
A-1390,T-2
A-1392,T-2
A-1392,T-2
A-1393,T-2
A-1395,T-2
A-1379,T-2
A-1397,T-2
A-1398,T-2
A-1394,T-2
A-1376,T-2
A-1401,T-2
A-1402,T-1
A-1403,T-2
A-1402,T-2
A-1403,T-2
A-1405,T-2
A-1407,T-2
A-1407,T-2
A-1409,T-2
A-1409,T-2
A-1411,T-1
A-1412,T-2
A-1413,T-1
A-1413,T-2
A-1413,T-2
A-1413,T-2
A-375,T-2
A-1417,T-2
A-1415,T-2
A-1418,T-1
A-1421,T-1
A-1422,T-1
A-1411,T-1
A-625,T-2
A-1425,T-1
A-1402,T-2
A-1427,T-1
A-1428,T-1
A-1429,T-1
A-1427,T-2
A-1431,T-1
A-1429,T-1
A-1433,T-1
A-1434,T-1
A-1435,T-1
A-1429,T-2
A-1437,T-1
A-1437,T-2
A-1437,T-2
A-1438,T-2
A-1438,T-2
A-1440,T-2
A-1443,T-1
A-1441,T-2
A-1440,T-2
A-1441,T-2
A-1444,T-2
A-1448,T-1
A-1449,T-1
A-1443,T-2
A-1446,T-1
A-1443,T-2
A-1453,T-2
A-1453,T-2
A-1453,T-2
A-1456,T-2
A-1453,T-2
A-1453,T-2
A-1454,T-2
A-344,T-2
A-1456,T-2
A-1454,T-2
A-347,T-2
A-1453,T-2
A-1457,T-2
A-342,T-2
A-347,T-1
A-1467,T-1
A-347,T-1
A-1470,T-1
A-1468,T-1
A-1461,T-2
A-1470,T-2
A-1468,T-2
A-1454,T-2
A-1501,T-1
A-1477,T-1
A-1456,T-2
A-811,T-2
A-626,T-1
A-1472,T-2
A-773,T-1
A-1482,T-2
A-1482,T-2
A-231,T-2
A-1483,T-2
A-1485,T-2
A-1448,T-2
A-401,T-2
A-235,T-2
A-231,T-2
A-1489,T-2
A-398,T-2
A-398,T-2
A-1492,T-2
A-626,T-2
A-244,T-2
A-1498,T-1
A-1494,T-2
A-1494,T-2
A-1461,T-2
A-1502,T-1
A-1497,T-2
A-1504,T-2
A-1498,T-2
A-1504,T-2
A-1456,T-2
A-7,T-2
A-1508,T-2
A-7,T-1
A-1510,T-2
A-7,T-2
A-1513,T-1
A-1494,T-2
A-1510,T-2
A-1508,T-2
A-1510,T-2
A-1504,T-2
A-1488,T-2
A-1512,T-2
A-1521,T-1
A-1513,T-2
A-1513,T-2
A-1513,T-2
A-1524,T-1
A-1524,T-2
A-1521,T-2
A-1525,T-2
A-1529,T-1
A-1530,T-1
A-1528,T-2
A-1456,T-2
A-1528,T-2
A-1529,T-2
A-5,T-2
A-1313,T-2
A-1313,T-2
A-1456,T-2
A-1535,T-2
A-1535,T-2
A-1322,T-2
A-1535,T-2
A-1539,T-2
A-1539,T-2
A-1539,T-2
A-1539,T-2
A-1543,T-2
A-1543,T-2
A-1456,T-2
A-1553,T-1
A-1546,T-2
A-1562,T-1
A-1550,T-2
A-1550,T-2
A-1453,T-2
A-1464,T-2
A-1546,T-2
A-1558,T-2
A-1559,T-1
A-1560,T-1
A-1561,T-1
A-1455,T-2
A-1561,T-2
A-1561,T-1
A-1565,T-1
A-1563,T-2
A-1376,T-2
A-459,T-2
A-1569,T-1
A-432,T-2
A-1568,T-2
A-1567,T-2
A-1573,T-1
A-226,T-1
A-1060,T-2
A-1576,T-1
A-1577,T-1
